{"cameraMode":{"drawMode":0,"name":"Shaded","section":"Shading Mode"},"sceneLighting":true,"audioPlay":false,"sceneViewState":{"m_AlwaysRefresh":false,"showFog":true,"showSkybox":true,"showFlares":true,"showImageEffects":true,"showParticleSystems":true,"showVisualEffectGraphs":true,"m_FxEnabled":true},"in2DMode":false,"pivot":{"x":1.573387622833252,"y":11.496682167053223,"z":-2.6570210456848146},"rotation":{"x":0.15510836243629456,"y":-0.34740373492240908,"z":0.05838281661272049,"w":0.9229568243026733},"size":21.943769454956056,"orthographic":false}