{"cameraMode":{"drawMode":0,"name":"Shaded","section":"Shading Mode"},"sceneLighting":true,"audioPlay":false,"sceneViewState":{"m_AlwaysRefresh":false,"showFog":true,"showSkybox":false,"showFlares":true,"showImageEffects":true,"showParticleSystems":true,"showVisualEffectGraphs":true,"m_FxEnabled":true},"in2DMode":false,"pivot":{"x":-2.1117351055145265,"y":4.681979179382324,"z":3.8313050270080568},"rotation":{"x":0.02681703306734562,"y":-0.3380594849586487,"z":0.009637306444346905,"w":0.9406934976577759},"size":4.849742412567139,"orthographic":false}